{"entities":{"pages":{"one":{"id":"one","title":"Blog","url":"one.html","level":0,"pages":["two"],"tabIndex":0},"two":{"id":"two","title":"two","url":"two.html","level":1,"parentId":"one","tabIndex":0},"git-开启代理和取消代理":{"id":"git-开启代理和取消代理","title":"git 开启代理和取消代理","url":"git.html","level":0,"tabIndex":1},"Default-topic":{"id":"Default-topic","title":"This is the first topic","url":"default-topic.html","level":0,"tabIndex":2}}},"topLevelIds":["one","git-开启代理和取消代理","Default-topic"]}