{"entities":{"pages":{"one":{"id":"one","title":"one","url":"one.html","level":0,"pages":["two"],"tabIndex":0},"two":{"id":"two","title":"two","url":"two.html","level":1,"parentId":"one","tabIndex":0},"Default-topic":{"id":"Default-topic","title":"This is the first topic","url":"default-topic.html","level":0,"tabIndex":1},"Starter":{"id":"Starter","title":"Starter","url":"starter.html","level":0,"pages":["Overview"],"tabIndex":2},"Overview":{"id":"Overview","title":"Overview","url":"overview.html","level":1,"parentId":"Starter","tabIndex":0}}},"topLevelIds":["one","Default-topic","Starter"]}