{"entities":{"pages":{"one":{"id":"one","title":"Blog","url":"one.html","level":0,"pages":["two"],"tabIndex":0},"two":{"id":"two","title":"two","url":"two.html","level":1,"parentId":"one","tabIndex":0},"Linux":{"id":"Linux","title":"Linux","url":"linux.html","level":0,"pages":["Contos-7-安装-RocketMQ"],"tabIndex":1},"Contos-7-安装-RocketMQ":{"id":"Contos-7-安装-RocketMQ","title":"Centos 7 安装 RocketMQ","url":"contos-7-安装-rocketmq.html","level":1,"parentId":"Linux","tabIndex":0},"git-开启代理和取消代理":{"id":"git-开启代理和取消代理","title":"git 开启代理和取消代理","url":"git-开启代理和取消代理.html","level":0,"tabIndex":2},"Default-topic":{"id":"Default-topic","title":"This is the first topic","url":"default-topic.html","level":0,"tabIndex":3}}},"topLevelIds":["one","Linux","git-开启代理和取消代理","Default-topic"]}